Business Name,Business Type,Website,Phone Number,Address,Email
Canvas Tattoo & Art Gallery,Tattoo Shop,https://canvastattoos.com/,(980) 299-2588,"3012 N Davidson St, Charlotte, NC 28205",N/A
Fallen Heroes Tattoo & Piercing Colorado,Tattoo Shop,http://fallenheroestattoo.com/,(719) 635-7431,"524 W Colorado Ave, Colorado Springs, CO 80905",N/A
West Side Tattoo,Tattoo Shop,https://www.westsidetattoo.net/,(719) 735-5455,"2031 W Colorado Ave, Colorado Springs, CO 80904",info@westsidetattoo.net
The Wolf Den Custom Tattoo Studio,Tattoo Shop,http://thewolfdentattoo.com/,(720) 917-9406,"6640 E Colfax Ave, Denver, CO 80220",N/A
Mission Ink Tattoo & Piercing,Tattoo Shop,http://www.missioninksf.com/,(415) 400-5785,"2440 Mission St, San Francisco, CA 94110",missioninksf@gmail.com
INKNATION STUDIO,Tattoo Shop,https://inknationstudio.com/?utm_source=google&utm_medium=organic&utm_campaign=gbp,(917) 905-7212,"56 W 45th St Floor 18, New York, NY 10036",N/A
Endless Ink Tattoo & Piercing,Tattoo Shop,http://www.endlessinktattoo.com/?utm_source=google&utm_medium=wix_google_business_profile&utm_campaign=718390180565959769,(303) 371-2744,"7507 E 36th Ave #120, Denver, CO 80238",N/A
ART INK TATTOO,Tattoo Shop,https://artinktattoostudio.com/,(917) 261-5017,"167 W 48th St 3rd floor, New York, NY 10036",N/A
First Class Tattoo,Tattoo Shop,https://www.firstclasstattoos.com/,(646) 998-5203,"52 Canal St, New York, NY 10002",info@firstclasstattoos.com
Dedication Tattoo,Tattoo Shop,http://dedicationtattoo.com/,(303) 733-0315,"1905 S Broadway, Denver, CO 80210",dedicationtattoo@gmail.com
Barber on Pearl,Barber Shop,http://barberonpearl.com/,(718) 855-3090,"57a Pearl St, Brooklyn, NY 11201",N/A
Made Man Barbershop NYC Greenwich Village Barbers,Barber Shop,https://mademanbarber.com/pages/greenwich-village?utm_source=google&utm_medium=organic&utm_campaign=gbp-greenwich-village,(212) 598-1840,"60 E 8th St, New York, NY 10003",info@mademanbarber.com
BEST BARBER,Barber Shop,https://bestbarber.nyc/,(646) 791-0560,"694 10th Ave, Manhattan, NY 10019",N/A
Skullfade Barbers,Barber Shop,http://skullfadebarbers.com/,(212) 548-6186,"105 Nassau St, New York, NY 10038",N/A
George's Barber Shop,Barber Shop,http://parkslopebarbershop.com/barbershop-fort-greene/,(718) 576-3038,"89 Fort Greene Pl, Brooklyn, NY 11217",N/A
Ace of Fades Barber Shop,Barber Shop,http://aceoffadesbarbershop.org/,(212) 300-9823,"128 8th Ave, New York, NY 10011",N/A
Long & Short Barber Co. (Downtown Brooklyn),Barber Shop,http://longshortbarber.com/,(347) 335-0588,"278 Livingston St, Brooklyn, NY 11217",N/A
B & H Barber Shop - East Village Barbershop,Barber Shop,https://bhbarbershop.com/,(646) 896-1090,"199 E 4th St, New York, NY 10009",info@kosa.com
Barber's Point,Barber Shop,http://instagram.com/barberspointsoho,(646) 484-6698,"59 Thompson St, New York, NY 10012",N/A
PHD Barbers,Barber Shop,http://phdbarbers.com/,(212) 510-7985,"228 Avenue B, New York, NY 10009",phdbarbersnyc@gmail.com
Mera Kitchen Collective,Restaurant,http://www.mera.kitchen/,(443) 681-9855,"1301 N Calvert St, Baltimore, MD 21202",N/A
Woodberry Kitchen,Restaurant,http://www.woodberrykitchen.com/,,"2010 Clipper Park Rd Suite 126, Baltimore, MD 21211",askus@woodberrykitchen.com
Charleston,Restaurant,https://charlestonrestaurant.com/,(410) 332-7373,"1000 Lancaster St, Baltimore, MD 21202",N/A
Hershâ€™s,Restaurant,http://hershs.com/,(443) 438-4948,"1843-45 Light St, Baltimore, MD 21230",N/A
Sotto Sopra,Restaurant,https://www.sottosoprainc.com/,(410) 625-0534,"405 N Charles St, Baltimore, MD 21201",sottosoprainc@gmail.com
Rusty Scupper Restaurant & Bar,Restaurant,http://www.rusty-scupper.com/,(410) 727-3678,"402 Key Hwy, Baltimore, MD 21230",N/A
The Bygone,Restaurant,http://www.thebygonerestaurant.com/,(443) 343-8200,"400 International Drive 29th floor, Baltimore, MD 21202",N/A
Marta Fine Food and Spirits,Restaurant,https://www.martabaltimore.com/,(443) 708-5962,"2127 E Pratt St, Baltimore, MD 21231",N/A
docks,Restaurant,,,"621 E Pratt St #100, Baltimore, MD 21202",N/A
Ammoora,Restaurant,https://ammoora.com/,(410) 872-6600,"751 Key Hwy, Baltimore, MD 21230",N/A
Nature USA,Clothing Store,http://www.natureusa.net/,(310) 667-9030,"3097 E Ana St, Compton, CA 90221",N/A
Curated Brands,Clothing Store,https://www.curatedbrands.co/,(424) 900-2772,"1220 Maple Ave, Los Angeles, CA 90015",N/A
American Rag Cie,Clothing Store,http://americanrag.com/,(323) 935-3154,"150 S La Brea Ave, Los Angeles, CA 90036",N/A
Made In U.S.A,Clothing Store,,,"Los Angeles, CA 90015",N/A
Curtis & Company Apparel,Clothing Store,http://shopangelicacurtis.com/,(310) 916-9270,"305 E 9th St #328, Los Angeles, CA 90015",N/A
Bleu Clothing,Clothing Store,https://bleuclothing.com/,(323) 939-2228,"7378 Beverly Blvd, Los Angeles, CA 90036",N/A
Clover,Clothing Store,http://www.cloversilverlake.com/,(323) 661-4142,"2756 Rowena Ave, Los Angeles, CA 90039",N/A
United Apparel Group Inc,Clothing Store,http://www.vertigousa.com/,(213) 745-5574,"1717 S Figueroa St, Los Angeles, CA 90015",info@vertigousa.com
General Quarters,Clothing Store,http://www.generalquarters.com/,(323) 937-5391,"153 S La Brea Ave, Los Angeles, CA 90036",N/A
2.7 August Apparel Inc.,Clothing Store,https://27augustapparel.com/,(213) 742-0121,"3775 Broadway Pl, Los Angeles, CA 90007",service@27augustapparel.com
